<?xml version="1.0" encoding="UTF-8"?>
<project-private xmlns="http://www.netbeans.org/ns/project-private/1">
    <editor-bookmarks xmlns="http://www.netbeans.org/ns/editor-bookmarks/2" lastBookmarkId="0"/>
    <open-files xmlns="http://www.netbeans.org/ns/projectui-open-files/2">
        <group>
            <file>file:/home/jpavlicek/zababaV3/jpavlicek/NetBeansProjects/CVUT/CV10-Client/src/cv10/client/rest/PizzaClient.java</file>
            <file>file:/home/jpavlicek/zababaV3/jpavlicek/NetBeansProjects/CVUT/CV10-Client/src/cv10/client/PizzaRestView.java</file>
            <file>file:/home/jpavlicek/zababaV3/jpavlicek/NetBeansProjects/CVUT/CV10-Client/src/cv10/client/PizzaPanel.java</file>
        </group>
    </open-files>
</project-private>
