<?xml version="1.0" encoding="UTF-8"?>
<project-private xmlns="http://www.netbeans.org/ns/project-private/1">
    <editor-bookmarks xmlns="http://www.netbeans.org/ns/editor-bookmarks/2" lastBookmarkId="0"/>
    <open-files xmlns="http://www.netbeans.org/ns/projectui-open-files/2">
        <group>
            <file>file:/home/users/p/pavlijo5/NetBeansProjects/CV10/CV10-ejb/src/java/eu/cz/ctu/ksi/bitjv/services/PizzaServiceBean.java</file>
            <file>file:/home/users/p/pavlijo5/NetBeansProjects/CV10/CV10-ejb/src/java/eu/cz/ctu/ksi/bitjv/services/PizzaService.java</file>
            <file>file:/home/users/p/pavlijo5/NetBeansProjects/CV10/CV10-ejb/src/conf/persistence.xml</file>
            <file>file:/home/users/p/pavlijo5/NetBeansProjects/CV10/CV10-ejb/src/java/eu/cz/ctu/ksi/bitjv/entities/Order.java</file>
            <file>file:/home/users/p/pavlijo5/NetBeansProjects/CV10/CV10-ejb/src/java/eu/cz/ctu/ksi/bitjv/entities/PizzaMenu.java</file>
            <file>file:/home/users/p/pavlijo5/NetBeansProjects/CV10/CV10-ejb/src/java/eu/cz/ctu/ksi/bitjv/entities/Pizza.java</file>
        </group>
    </open-files>
</project-private>
